pdb,AA,Atom_Num,Chain,IMGT,x,y,z,pred
4edw,VAL,1011,H,25,9.294,-11.476,-36.290,0.009999541565775871
4edw,SER,1018,H,26,12.006,-13.600,-38.105,0.010073511861264706
4edw,GLY,1024,H,27,12.275,-15.929,-41.183,0.27993208169937134
4edw,PHE,1028,H,28,10.463,-13.730,-43.752,0.6156717538833618
4edw,SER,1039,H,29,10.485,-10.124,-45.044,0.4827084541320801
4edw,LEU,1045,H,30,7.899,-7.633,-43.635,0.05352671444416046
4edw,ILE,1053,H,35,7.739,-6.072,-47.159,0.8372397422790527
4edw,GLY,1061,H,36,6.603,-9.280,-48.935,0.8879308104515076
4edw,TYR,1065,H,37,4.116,-10.535,-46.287,0.9201732873916626
4edw,ASP,1077,H,38,0.968,-9.257,-44.605,0.8897369503974915
4edw,LEU,1085,H,39,0.452,-9.111,-40.867,0.012812677770853043
4edw,ASN,1093,H,40,-2.927,-9.543,-39.154,0.07111407071352005
4edw,GLY,1213,H,54,-7.000,-5.466,-38.776,0.004221256356686354
4edw,ILE,1217,H,55,-4.334,-5.991,-41.481,0.5545055270195007
4edw,ILE,1225,H,56,-1.093,-4.368,-42.701,0.17688298225402832
4edw,TRP,1233,H,57,-0.482,-5.584,-46.300,0.9891930222511292
4edw,GLY,1247,H,58,2.996,-5.930,-47.833,0.9069039821624756
4edw,ASP,1251,H,59,2.795,-2.426,-49.435,0.9341411590576172
4edw,GLY,1259,H,63,2.121,-0.731,-46.055,0.15666504204273224
4edw,THR,1263,H,64,-1.676,-0.265,-46.580,0.7698260545730591
4edw,THR,1270,H,65,-4.019,-1.107,-43.734,0.26687780022621155
4edw,ASP,1277,H,66,-7.672,-2.110,-43.155,0.701363742351532
4edw,TYR,1285,H,67,-9.327,-2.371,-39.754,0.03178190812468529
4edw,TYR,1550,H,103,-2.461,-12.740,-31.657,0.002779646310955286
4edw,CYS,1562,H,104,-0.347,-11.526,-34.496,0.0027764602564275265
4edw,ALA,1568,H,105,-0.747,-13.795,-37.535,0.010924491100013256
4edw,ARG,1573,H,106,0.933,-13.607,-40.875,0.42911097407341003
4edw,GLY,1584,H,107,-1.122,-13.976,-43.982,0.5017968416213989
4edw,GLY,1588,H,108,-0.197,-16.396,-46.714,0.5156950950622559
4edw,TYR,1592,H,109,-1.357,-16.684,-50.314,0.9524720311164856
4edw,TRP,1604,H,110,-2.002,-19.441,-52.791,0.9524482488632202
4edw,TYR,1618,H,111,-1.982,-17.176,-55.911,0.9725296497344971
4edw,ALA,1630,H,111A,-4.449,-14.242,-55.487,0.9439693093299866
4edw,THR,1635,H,112A,-7.033,-17.105,-55.216,0.7810710072517395
4edw,SER,1642,H,112,-6.678,-18.093,-51.563,0.615060031414032
4edw,TYR,1648,H,113,-5.604,-16.226,-48.439,0.7607467770576477
4edw,TYR,1660,H,114,-5.019,-17.718,-44.965,0.31789126992225647
4edw,PHE,1672,H,115,-3.320,-16.959,-41.577,0.0815165638923645
4edw,ASP,1683,H,116,-0.440,-19.455,-41.826,0.1417430341243744
4edw,TYR,1691,H,117,1.870,-18.416,-38.973,0.21007896959781647
4edw,TRP,1703,H,118,0.690,-17.261,-35.569,0.011569688096642494
4edw,GLY,1717,H,119,2.319,-15.908,-32.454,0.0027764602564275265
4edw,ALA,2668,L,25,-22.042,-18.714,-43.972,0.004382731858640909
4edw,SER,2673,L,26,-24.742,-15.960,-43.982,0.011551042087376118
4edw,GLN,2679,L,27,-23.994,-15.073,-47.665,0.15635979175567627
4edw,SER,2688,L,28,-22.156,-17.079,-50.366,0.15274003148078918
4edw,ILE,2694,L,29,-18.329,-17.076,-49.892,0.31748202443122864
4edw,SER,2702,L,36,-17.826,-19.554,-52.860,0.34956419467926025
4edw,ASN,2708,L,37,-14.647,-21.499,-51.839,0.33163708448410034
4edw,ASN,2716,L,38,-13.001,-18.767,-49.666,0.6749623417854309
4edw,LEU,2724,L,39,-13.121,-20.753,-46.384,0.0036521917209029198
4edw,ASN,2732,L,40,-10.228,-21.856,-44.109,0.01904403604567051
4edw,ILE,2850,L,54,-7.212,-26.380,-44.504,0.004875394515693188
4edw,TYR,2858,L,55,-7.436,-23.403,-46.829,0.5433692336082458
4edw,TYR,2870,L,56,-9.618,-22.725,-49.891,0.6565750241279602
4edw,THR,2882,L,57,-12.252,-25.188,-48.631,0.08168170601129532
4edw,SER,2889,L,65,-10.208,-28.458,-49.104,0.18986541032791138
4edw,ARG,2895,L,66,-6.496,-27.650,-49.538,0.5958565473556519
4edw,PHE,2906,L,67,-4.079,-29.110,-46.973,0.4550541341304779
4edw,TYR,3153,L,103,-12.767,-22.795,-36.220,0.00277838041074574
4edw,CYS,3165,L,104,-13.879,-22.121,-39.794,0.0028586385305970907
4edw,GLN,3171,L,105,-12.839,-18.764,-41.332,0.0055222841911017895
4edw,GLN,3180,L,106,-14.276,-16.775,-44.257,0.030114395543932915
4edw,GLU,3189,L,107,-11.770,-14.898,-46.516,0.9428489208221436
4edw,HIS,3198,L,108,-14.288,-13.862,-49.252,0.7888447046279907
4edw,THR,3208,L,109,-14.657,-10.234,-47.997,0.8363747596740723
4edw,LEU,3215,L,114,-13.393,-7.855,-45.327,0.9126678705215454
4edw,PRO,3223,L,115,-13.784,-8.117,-42.343,0.042529162019491196
4edw,TYR,3230,L,116,-12.503,-11.678,-41.940,0.8124282956123352
4edw,THR,3242,L,117,-14.895,-13.611,-39.653,0.0029035566840320826
4edw,PHE,3249,L,118,-14.576,-16.948,-37.805,0.004652461968362331
4edw,GLY,3260,L,119,-17.262,-19.383,-36.661,0.0027764602564275265
